yyyy,mm,tmax,tmin,af,rain
1883,1,6.3,1.7,6,122.1
1883,2,8,2.8,2,69.8
1883,3,4.8,-1.6,23,29.6
1883,4,12.2,3.8,2,74
1883,5,14.7,6.2,0,31.2
1883,6,17.7,9.3,0,66.2
1883,7,18.8,10.5,0,77.6
1883,8,19.8,10.9,0,32.5
1883,9,16.8,10,0,137.4
1883,10,12.7,6.4,0,102.9
1883,11,8.6,3.5,1,83.6
1883,12,7.3,2.4,4,48.6
1884,1,8.4,3.5,3,127.7
1884,2,8,2.1,3,49.4
1884,3,9.5,2.5,4,50.4
1884,4,10.6,3.3,4,48
1884,5,15.7,6.4,0,33.1
1884,6,18.2,8.7,0,39.7
1884,7,20.8,11.8,0,80.1
1884,8,22.6,11.8,0,36.8
1884,9,18.4,10.5,0,34
1884,10,12.3,6.3,0,36.5
1884,11,9,3.4,4,30.9
1884,12,6.6,1.7,7,81.6
1885,1,4.7,0.4,15,56.9
1885,2,8.5,2.4,5,76.4
1885,3,7.8,0.8,10,41.6
1885,4,11.6,3.4,3,49.5
1885,5,12.9,4.4,0,58.1
1885,6,18.6,9.2,0,76.4
1885,7,21,11.4,0,17.8
1885,8,17.1,9.4,0,59.5
1885,9,16.4,7.8,0,85.3
1885,10,10.5,4.5,0,172.5
1885,11,8,3.3,4,62.2
1885,12,7,0.9,11,31.9
1886,1,4.5,-0.7,20,121.8
1886,2,3.9,-1,20,14.2
1886,3,6.1,0.2,18,84.8
1886,4,10.9,2.8,2,47.5
1886,5,13.9,5.7,0,181
1886,6,17.3,8.5,0,26.5
1886,7,20.8,11.5,0,94.2
1886,8,20.8,11.7,0,49.7
1886,9,17.7,9.8,0,30.8
1886,10,13.8,8.1,0,125.1
1886,11,9.7,3.8,0,37
1886,12,4.9,-0.5,12,127.7
1887,1,5.1,-0.6,16,61.2
1887,2,7.5,0.6,12,13.6
1887,3,7.1,0.1,16,42.5
1887,4,11,5.1,0,26.3
1887,5,12.3,5.3,0,46.6
1887,6,21,10.2,0,11.2
1887,7,23.7,12.6,0,25.2
1887,8,20.7,10.6,0,40.7
1887,9,15.3,8,0,57.2
1887,10,10.6,4.4,4,58.8
1887,11,7.6,2.6,7,41
1887,12,6.2,0.4,15,66.8
1888,1,6.4,1,14,22.1
1888,2,4,0,21,49.5
1888,3,5.3,-0.1,19,98.1
1888,4,8.9,2.7,8,52.6
1888,5,15.8,6.1,0,16.3
1888,6,16.9,8.4,0,61.8
1888,7,16.2,9.6,0,129.3
1888,8,18,10.2,0,61.1
1888,9,16,8.8,0,22.9
1888,10,11.8,4.5,3,17.4
1888,11,9.7,4.9,0,160.2
1888,12,7.7,2.7,6,52.2
1889,1,6.1,0.9,9,39
1889,2,6,0.6,14,50.8
1889,3,7.5,1.4,9,107.6
1889,4,9.9,3.6,0,92
1889,5,16.4,8.4,0,97.7
1889,6,20,10.5,0,6.1
1889,7,18.7,10.8,0,62.8
1889,8,18.7,11.3,0,69.6
1889,9,16.1,9.5,0,46.8
1889,10,11.2,5.5,0,100.1
1889,11,9.4,4.4,4,18.2
1889,12,6.4,1.4,10,39.4
1890,1,8.6,2.3,3,103.7
1890,2,5.7,1.1,10,21.4
1890,3,9.6,3,8,62.9
1890,4,9.9,2.9,2,20.8
1890,5,16.2,6.8,0,79.9
1890,6,17.2,10,0,48.4
1890,7,17.7,10.8,0,57.4
1890,8,18,10.8,0,78.2
1890,9,19.4,11,0,37.5
1890,10,13.5,7,1,37.1
1890,11,9,2.8,6,122.4
1890,12,1.9,-2.3,25,16.8
1891,1,4.4,-0.8,18,59.5
1891,2,8.8,1.4,9,1.8
1891,3,7,1.1,10,53.6
1891,4,8.5,1.9,3,53
1891,5,13.1,5.3,1,86.8
1891,6,18,9.7,0,89.2
1891,7,18.9,11,0,57.6
1891,8,17.5,10.9,0,83.5
1891,9,18.3,10.4,0,58.5
1891,10,12.8,6.1,0,102.6
1891,11,8.1,3.1,6,71.3
1891,12,7.1,1,9,161.4
1892,1,4.3,0.1,15,63.1
1892,2,5.4,0.4,12,89.8
1892,3,5.7,-0.7,20,33.7
1892,4,12,2.4,7,24
1892,5,15.2,6.8,0,102.4
1892,6,17.1,8.8,0,104
1892,7,16.8,9.8,0,80.2
1892,8,19.1,11.1,0,69.1
1892,9,15.8,8.7,0,88.6
1892,10,10.3,4.1,2,143.7
1892,11,9,3.9,4,44.2
1892,12,4.8,-0.3,16,22.8
1893,1,4.6,0.4,14,47.2
1893,2,7,1.6,7,112
1893,3,12.6,3.4,5,19.8
1893,4,15.1,3.8,0,19.5
1893,5,16.9,7.4,0,73.7
1893,6,19.3,10,0,34
1893,7,19.9,11.5,0,77.3
1893,8,21.9,12.7,0,40.7
1893,9,16.7,8.8,0,31.2
1893,10,13.8,6.5,1,45.9
1893,11,8.1,2,7,49.1
1893,12,7.8,1.8,7,104.5
1894,1,5.6,0.6,11,77.1
1894,2,8.4,1.5,9,132.1
1894,3,10.9,1.8,5,48.4
1894,4,13.1,5.1,0,70
1894,5,12.2,4.8,1,49.1
1894,6,17.4,9.4,0,60.6
1894,7,20.3,11.2,0,83
1894,8,17.3,10.6,0,54.5
1894,9,14.4,8.5,0,26.1
1894,10,11.7,6,2,128.2
1894,11,10.5,5.7,0,37.6
1894,12,7.8,2.8,5,64.8
1895,1,2,-2.5,23,115.5
1895,2,1.6,-4.2,24,5.8
1895,3,8.6,2.1,7,56.6
1895,4,12.2,4.2,5,49.6
1895,5,16.9,7,0,28.8
1895,6,19.2,9.6,0,57.1
1895,7,19,11.4,0,112.4
1895,8,20,12,0,55.5
1895,9,21,10.7,0,19.9
1895,10,10.8,3.9,6,87.3
1895,11,10,4.7,1,114.5
1895,12,5.8,1.5,10,95.1
1896,1,7.4,3,5,29.7
1896,2,7.5,2,8,28.8
1896,3,9.8,3.1,1,89.5
1896,4,12.6,5.3,0,46
1896,5,16.4,6.6,0,10.4
1896,6,20.4,11.2,0,79.1
1896,7,20.6,11.7,0,23.6
1896,8,17.3,10.6,0,43.6
1896,9,15.8,9.6,0,126.8
1896,10,9.8,4,0,76.9
1896,11,7.4,2.5,4,28.8
1896,12,6.2,1.9,9,98.6
1897,1,3.2,-0.8,17,65.8
1897,2,7.5,3.1,9,96.5
1897,3,9.5,3.3,2,92.7
1897,4,10,2.9,5,51.4
1897,5,14.3,5.1,0,26.3
1897,6,19.1,10.2,0,90.9
1897,7,20.3,11.3,0,14
1897,8,20.7,11.5,0,55.7
1897,9,15.6,8.5,0,60.1
1897,10,13,6.5,0,26.1
1897,11,9.9,5.2,0,82.5
1897,12,7.9,2.3,4,81.8
1898,1,9.3,4.5,1,28.4
1898,2,7.5,1.8,8,58.5
1898,3,7.4,1,10,40.8
1898,4,11.9,4.2,1,82.9
1898,5,13,5.9,0,66.9
1898,6,17.6,9.2,0,32.3
1898,7,19.4,10.9,0,41.7
1898,8,20.5,11.9,0,86.2
1898,9,19.7,10.9,0,13.8
1898,10,14.2,8.6,0,84
1898,11,9.6,4.8,2,71.9
1898,12,9.6,4.5,3,81.7
1899,1,7.3,2.2,7,112.3
1899,2,8.1,1.8,11,51.2
1899,3,9.3,1.6,11,31.9
1899,4,11,4.4,1,60.1
1899,5,13.4,5.1,0,63.7
1899,6,20.1,10.2,0,63.8
1899,7,21.2,13,0,51.4
1899,8,22,12.4,0,23
1899,9,16.6,9.6,0,97.7
1899,10,13.5,5.9,1,73.3
1899,11,11.2,6.2,2,50.7
1899,12,4.5,-0.1,15,73
1900,1,6.2,2.1,1,101
1900,2,5,-0.2,14,113
1900,3,6,0.7,10,20.4
1900,4,12.7,3.9,4,36
1900,5,13.6,6,0,43.7
1900,6,18.9,10.5,0,78.2
1900,7,22.5,13.3,0,71.5
1900,8,18.7,11.3,0,109.5
1900,9,17.7,9.6,0,12.9
1900,10,13,6.5,0,66.6
1900,11,9.1,5.1,0,67.7
1900,12,9.4,4.8,0,116.7
1901,1,5.5,0.7,12,64.6
1901,2,4.7,0.4,14,29.2
1901,3,7,1,11,60.4
1901,4,13.1,3.9,1,43.8
1901,5,15.9,6.3,0,23.9
1901,6,18.3,9.2,0,27.5
1901,7,22.6,13.5,0,82.1
1901,8,20.6,11.9,0,30.7
1901,9,17.3,10,0,22
1901,10,12.7,5.9,1,50.2
1901,11,8.2,2.9,10,112
1901,12,5.5,1.2,11,164.2
1902,1,7.3,2.5,11,37.6
1902,2,3.7,-0.8,17,44.5
1902,3,10.5,3.6,1,38.4
1902,4,11.2,3.1,1,74.4
1902,5,11.9,5.1,0,75
1902,6,17.8,9.3,0,43.4
1902,7,18.4,10.4,0,51.4
1902,8,17.2,9.9,0,120.4
1902,9,16.5,9.2,0,50.9
1902,10,12.1,6.9,0,81.4
1902,11,9.1,4.6,2,63.6
1902,12,7,2.7,8,68.2
1903,1,6.3,1.8,8,90.3
1903,2,9.6,4.1,1,66.4
1903,3,10.4,3.4,0,97.2
1903,4,10,2.7,7,48.4
1903,5,14,6.5,0,97.4
1903,6,17,8.7,0,30.1
1903,7,19.2,11.5,0,58.9
1903,8,17.6,10.7,0,107.8
1903,9,16.6,9.1,0,100.5
1903,10,12.8,7.3,0,182.6
1903,11,9.3,4.1,2,42.8
1903,12,5.2,1.2,8,44.7
1904,1,6.6,1.7,7,80.6
1904,2,4.9,0.8,7,131.7
1904,3,7.3,1.3,7,52.1
1904,4,12.1,5.2,0,60.4
1904,5,14.5,6.8,0,63.1
1904,6,17.3,9.1,0,17.3
1904,7,21.3,12.3,0,50.5
1904,8,19.2,11.1,0,96.1
1904,9,16.9,8.7,0,28.1
1904,10,13.4,6.8,0,17.3
1904,11,8.7,3.7,6,57.2
1904,12,6.5,1.6,11,46.8
1905,1,6.5,1.6,13,35.9
1905,2,7.5,2.5,4,32.4
1905,3,10.4,3.5,0,72
1905,4,10.1,3.8,3,59.5
1905,5,14.9,6.5,0,10.5
1905,6,19,10,0,77.5
1905,7,21.8,13.3,0,40.6
1905,8,18.5,11,0,103
1905,9,15.7,9.3,0,28.9
1905,10,10.4,4.5,0,44.7
1905,11,7.5,2.9,3,99.1
1905,12,7.5,3,3,14.9
1906,1,7.2,2.9,4,97.8
1906,2,5.6,0.4,14,76.4
1906,3,8.6,1.5,13,59.5
1906,4,12,2.2,4,16
1906,5,13.9,6.9,0,48.9
1906,6,18.6,9.9,0,44.9
1906,7,20.4,11.6,0,36.9
1906,8,21.3,12.8,0,44.1
1906,9,18.7,10,0,17.9
1906,10,13.8,7.8,0,141.4
1906,11,10.2,5,1,86.4
1906,12,5.9,0.8,12,77.4
1907,1,6.4,1.3,10,35.2
1907,2,6,0.4,13,57.6
1907,3,11.1,2.8,5,65.5
1907,4,11,3.8,2,56.7
1907,5,13.7,6.5,0,97.3
1907,6,15.9,9,0,92.2
1907,7,17.1,10,0,53.2
1907,8,18.2,10.6,0,55.9
1907,9,18.3,9.3,0,11.6
1907,10,13,6.7,0,136.8
1907,11,9.5,4.5,3,84.4
1907,12,6.6,2.2,7,57
1908,1,5.8,0.5,16,46.3
1908,2,7.9,2.8,3,58.7
1908,3,6.9,1,13,80.2
1908,4,9,2.3,5,60.2
1908,5,16.8,8.3,0,59.4
1908,6,18.2,9.4,0,39.6
1908,7,19.5,11.6,0,64.8
1908,8,18.1,10.6,0,78.4
1908,9,16.7,9.4,0,39.4
1908,10,15.3,9,0,28.9
1908,11,10.2,4.6,3,38.1
1908,12,6.1,1.5,7,51.6
1909,1,6.2,1.2,9,51.8
1909,2,5.9,0.5,17,16.7
1909,3,6.4,0.7,16,108
1909,4,13.9,4.1,2,43.2
1909,5,15.6,5.8,0,50.4
1909,6,15.1,8.2,0,79.4
1909,7,18.1,11.2,0,84.4
1909,8,20.3,11.5,0,55.1
1909,9,14.7,9,0,57.3
1909,10,13.7,6.9,1,72.6
1909,11,8.1,3.2,4,17.7
1909,12,6.1,1.6,8,167.5
1910,1,6,1,11,75
1910,2,7.5,2.1,3,89.5
1910,3,10,2.9,2,22.7
1910,4,10.8,3.2,2,61.4
1910,5,14.8,6.9,0,60.8
1910,6,18.8,10.4,0,66.1
1910,7,17.7,10.3,0,45.9
1910,8,18.7,11.6,0,87.9
1910,9,15.6,9.5,0,7.6
1910,10,13.3,8.2,0,58.8
1910,11,5.9,0.9,8,102.2
1910,12,8.2,4,2,109.5
1911,1,6.2,1.7,7,31.8
1911,2,7.6,2.5,2,74.3
1911,3,7,2.2,1,30.9
1911,4,10.7,4.1,4,35.3
1911,5,17.3,8.5,0,25.1
1911,6,18.8,9.6,0,53.5
1911,7,23.4,12.4,0,3.8
1911,8,23,13.4,0,43.8
1911,9,18.6,9.4,0,54.1
1911,10,11.8,6.5,1,55.7
1911,11,8.5,3.7,1,101.3
1911,12,8.1,3.8,0,137.2
1912,1,5.4,1.2,9,128.3
1912,2,7.3,2.5,6,40.7
1912,3,9.7,4.2,1,87.4
1912,4,12.9,4.3,1,12.9
1912,5,15.3,7.8,0,93
1912,6,17.5,10,0,98.5
1912,7,18.8,11.9,0,131
1912,8,16,9.6,0,144.5
1912,9,14.3,8,0,30
1912,10,12.5,5.2,0,72.3
1912,11,8.8,4.5,3,58
1912,12,9.3,4.1,1,100.5
1913,1,6,1.5,9,95.5
1913,2,8.3,2.2,4,30.4
1913,3,8.8,2.6,1,110.8
1913,4,11.3,4,2,77.7
1913,5,15.5,7.3,0,55.3
1913,6,18.2,9.8,0,20.8
1913,7,17.7,10.8,0,39.7
1913,8,19.1,11.1,0,31.2
1913,9,17.4,10.5,0,76.1
1913,10,13.6,8.2,0,105.2
1913,11,11.1,5.7,1,82
1913,12,7.3,3.4,5,49.3
1914,1,6.1,2,10,41
1914,2,9.5,4.2,0,50.2
1914,3,9.1,3.1,1,66.3
1914,4,14.8,5.2,0,33.7
1914,5,14.6,6.6,1,37.6
1914,6,19.1,10,0,55.5
1914,7,20.2,12.3,0,63.5
1914,8,20.7,12,0,32.5
1914,9,17.6,9.1,0,40.7
1914,10,13.1,7.9,0,57.5
1914,11,9.2,4.4,0,101.4
1914,12,6.6,2.4,2,154.6
1915,1,6.2,2.1,1,90.9
1915,2,6.6,1.3,8,106.4
1915,3,8.7,2,10,27
1915,4,11.5,4,0,31.2
1915,5,15,5.8,0,37.7
1915,6,19,9.5,0,39.6
1915,7,18.3,11.2,0,108.2
1915,8,19.3,11.6,0,56.5
1915,9,17.5,9.5,0,16.7
1915,10,11.8,6.5,0,41.4
1915,11,6.1,1.5,6,81.4
1915,12,7.2,2.8,1,198
1916,1,10.4,5,0,44.5
1916,2,5.9,1,5,136.3
1916,3,5,0.4,14,126.3
1916,4,12.4,4.4,0,35.4
1916,5,15.5,7.4,0,67.3
1916,6,15.1,8,0,56
1916,7,18.9,11.6,0,30.6
1916,8,20.8,12.6,0,37
1916,9,16.2,9.4,0,38.2
1916,10,13.6,7.5,0,90.7
1916,11,9.5,4.5,1,100.1
1916,12,4.9,0.5,9,78.3
1917,1,3.1,0.3,16,54.2
1917,2,4,-0.8,15,16.2
1917,3,5.9,-0.1,15,64
1917,4,8.7,1.4,11,45.9
1917,5,17.2,7.7,1,43
1917,6,19.4,10.3,0,65.1
1917,7,20.4,11.7,0,26.2
1917,8,19,12.2,0,128.6
1917,9,18.1,10.8,0,21.6
1917,10,11.2,4.4,0,101.9
1917,11,10.9,6.2,1,54.6
1917,12,5.2,0.7,10,38.3
1918,1,6.4,1.3,10,66.8
1918,2,8.9,3.7,4,73.1
1918,3,9.1,2.4,6,36.7
1918,4,10,3.4,1,34.8
1918,5,17.9,8.3,0,69
1918,6,17.3,9,0,14.8
1918,7,---,---,---,103.7
1918,8,---,---,---,44.7
1918,9,---,---,---,178.5
1918,10,---,---,---,50.2
1918,11,---,---,---,39.6
1918,12,---,---,---,116.4
1919,1,---,---,---,112.3
1919,2,---,---,---,56.6
1919,3,---,---,---,114.8
1919,4,---,---,---,43.6
1919,5,---,---,---,41.1
1919,6,---,---,---,13.2
1919,7,---,---,---,116.4
1919,8,---,---,---,76.4
1919,9,---,---,---,63.1
1919,10,---,---,---,78.1
1919,11,---,---,---,57.5
1919,12,---,---,---,136.6
1920,1,7.9,2.2,4,104.9
1920,2,8.8,3,1,81
1920,3,10.7,3.7,3,56.8
1920,4,10.4,4.8,0,122.6
1920,5,15.7,7.5,0,79.1
1920,6,18.4,9.6,0,88.1
1920,7,17.5,10.8,0,110.8
1920,8,17.1,10.3,0,22.6
1920,9,16.6,9.4,0,28.6
1920,10,13.4,7.5,0,50.5
1920,11,9.5,4.9,1,29.2
1920,12,6.6,2.5,5,82.7
1921,1,9.5,4.5,2,85.3
1921,2,7.1,2.7,2,8.6
1921,3,10.6,4.1,1,48.6
1921,4,12.4,4.2,2,23.4
1921,5,16.1,6.7,0,31.8
1921,6,19.3,9.6,0,8.4
1921,7,23.8,12.7,0,11.5
1921,8,19.2,11.7,0,121.5
1921,9,18.5,10.3,0,28.4
1921,10,16.7,9.6,0,56.3
1921,11,7.2,2.4,6,48.8
1921,12,9.2,4.1,2,105.7
1922,1,5.3,0.9,9,111.5
1922,2,6.8,0.9,11,81.1
1922,3,6.7,1.6,4,50.9
1922,4,8.9,1.7,3,96.6
1922,5,17.9,8.3,0,20.7
1922,6,18.2,9.1,0,32.1
1922,7,17.2,9.9,0,83.3
1922,8,16.8,10.2,0,197.7
1922,9,15.3,8.9,0,72.6
1922,10,11.4,5.5,0,26
1922,11,9.1,3.7,1,37.3
1922,12,7.8,3.5,1,94.4
1923,1,8.5,4.1,0,36.2
1923,2,7,2.3,4,153
1923,3,9.5,3.3,1,46.8
1923,4,10.5,3.8,0,59.2
1923,5,12.5,5.4,0,80.8
1923,6,15.3,8.9,0,19.6
1923,7,---,---,---,119.6
1923,8,---,---,---,73.3
1923,9,---,---,---,59.1
1923,10,---,---,---,51.8
1923,11,---,---,---,115.4
1923,12,---,---,---,69.1
1924,1,6.6,2.3,8,54.2
1924,2,5.6,1.2,11,31.3
1924,3,7.5,-0.3,18,21.8
1924,4,10.8,2.9,3,49.1
1924,5,15.2,7.6,0,93.8
1924,6,17.9,10.1,0,40.4
1924,7,19.2,11.5,0,65.6
1924,8,17.5,10.7,0,63.2
1924,9,16.2,10.3,0,89.3
1924,10,12.9,7.2,0,102.3
1924,11,9.4,5.1,0,55.6
1924,12,9,5.1,0,73.5
1925,1,7.5,2.7,1,84.8
1925,2,7.6,1.9,3,98.2
1925,3,7.6,2.4,7,24.3
1925,4,11.1,3.6,1,75
1925,5,15.8,7.7,0,94.6
1925,6,19.3,10.2,0,2.2
1925,7,21.8,12.6,0,23.2
1925,8,19.5,12.1,0,79.4
1925,9,14.9,8.2,0,60.8
1925,10,13.7,7.2,0,91.2
1925,11,6.5,1.6,12,62
1925,12,5.3,0.8,14,78.2
1926,1,6.8,2.2,9,83.8
1926,2,9,4,4,55.6
1926,3,9.1,3.2,3,35.2
1926,4,13.2,5.7,0,45.1
1926,5,13.5,6,0,74.1
1926,6,17.6,9.6,0,77.5
1926,7,20.9,13,0,62.1
1926,8,20.6,11.9,0,70.2
1926,9,17.8,10.4,0,34.1
1926,10,11.2,5,3,78
1926,11,8.6,3.3,1,95
1926,12,6.7,2.4,4,30.7
1927,1,7.2,2.7,4,47.9
1927,2,7.4,1.8,8,38.2
1927,3,10.3,3.9,0,74.6
1927,4,11.7,4.5,0,56.7
1927,5,14.4,6.3,0,33.8
1927,6,15.8,8.3,0,105.4
1927,7,19,11.9,0,67.5
1927,8,19.4,12.1,0,127.5
1927,9,15.5,9.6,0,99.8
1927,10,13.4,7.2,0,64.5
1927,11,8.5,3.7,2,84.2
1927,12,3,0,11,66.7
1928,1,8,2.5,1,167.7
1928,2,8.9,2.8,1,104.9
1928,3,8.7,2.9,4,72.2
1928,4,11.8,4,2,31.9
1928,5,13.8,6.3,0,31.9
1928,6,16.6,8.6,0,77.2
1928,7,20.3,12.2,0,17.7
1928,8,19.5,11.4,0,64.3
1928,9,17,8.8,0,6
1928,10,12.9,7.1,0,122
1928,11,10.4,5.3,1,118.1
1928,12,6,1.4,9,57.2
1929,1,3.8,0.3,12,40.5
1929,2,2.6,-2.5,17,17.1
1929,3,12.1,2.4,6,3.3
1929,4,10.1,2.9,3,25.9
1929,5,15.9,6.7,0,52.1
1929,6,17.3,9.3,0,38
1929,7,20.9,11.9,0,25.3
1929,8,19.1,11.2,0,47.7
1929,9,20.1,10.9,0,37.3
1929,10,12.7,6.4,0,85.9
1929,11,9.4,3.9,4,153.2
1929,12,7.8,3.1,2,186.2
1930,1,8.1,2.4,6,120.5
1930,2,4.4,0.6,12,22.2
1930,3,8.1,2.1,9,76.2
1930,4,11,4.8,0,64.5
1930,5,14.1,6.6,0,38.3
1930,6,19.7,10.5,0,27.1
1930,7,18.6,11.4,0,149.4
1930,8,19.9,11.9,0,62.3
1930,9,16.7,10.5,0,127.9
1930,10,13.4,7.6,0,79.1
1930,11,9.3,3.5,4,83.4
1930,12,6.5,1.8,7,68.3
1931,1,6.1,1.2,7,61
1931,2,5.8,1.6,5,83.4
1931,3,7.3,-0.3,17,5.4
1931,4,10.8,4.7,1,83.8
1931,5,15.3,7.2,0,78.3
1931,6,17.8,10.5,0,111.8
1931,7,19.2,12.3,0,104.1
1931,8,17.8,10.5,0,145.2
1931,9,15,9.1,0,94.3
1931,10,12.8,5.5,5,20
1931,11,10.1,5.1,0,104.7
1931,12,8.1,3.2,9,35.9
1932,1,9.2,3.3,8,68.6
1932,2,6.3,1.6,8,10.1
1932,3,8,2,8,41.1
1932,4,9.8,3.2,1,82.2
1932,5,13,6.8,1,170.7
1932,6,18,9.4,0,17.2
1932,7,19.6,12.7,0,122.1
1932,8,21,13.5,0,61
1932,9,17,9.4,0,46.3
1932,10,11.8,5.9,0,101.1
1932,11,8.8,4.5,0,59
1932,12,7.8,3.8,3,30
1933,1,5.2,0.2,13,53.1
1933,2,6.7,1.7,8,113.2
1933,3,11.5,3,2,64.2
1933,4,13,5.5,1,33.8
1933,5,15.7,8.3,0,48
1933,6,20.4,10.8,0,26.7
1933,7,23,13.6,0,53
1933,8,22.7,13.4,0,11.5
1933,9,19.7,11.1,0,41.1
1933,10,12.9,7.7,0,128
1933,11,8.3,4.5,0,46.4
1933,12,4.6,0.7,9,14.8
1934,1,7.5,1.8,7,68.7
1934,2,7.7,2,6,7.5
1934,3,7.9,1.8,2,77
1934,4,11.3,4.1,2,65.3
1934,5,16,7.4,0,33.1
1934,6,19.3,10.2,0,23.3
1934,7,23.8,13.4,0,39.6
1934,8,19.6,11.2,0,27.5
1934,9,19.1,10.2,0,45.1
1934,10,13.1,7.7,0,66.1
1934,11,8.6,4.7,2,50
1934,12,9.5,6,0,123.6
1935,1,6.9,3,3,38
1935,2,8,3.2,2,101.5
1935,3,9.6,3.6,4,39
1935,4,11.5,4.2,0,63.3
1935,5,14,5.3,0,9.7
1935,6,19.7,10.8,0,77.2
1935,7,22.2,12.7,0,17
1935,8,22.4,12.4,0,50.7
1935,9,17.4,9.5,0,104.2
1935,10,12.5,6,1,128.6
1935,11,9.1,4.2,0,147.6
1935,12,5.1,0.9,11,94.5
1936,1,5.5,1.3,10,81.9
1936,2,4.2,-0.8,17,69.5
1936,3,9.4,3.5,2,52.7
1936,4,9.7,3,2,39.9
1936,5,14.6,6.9,0,34.5
1936,6,18.8,10.2,0,87.2
1936,7,18.9,12,0,93
1936,8,20.3,12.5,0,32.6
1936,9,17.5,11.7,0,64.5
1936,10,12.9,6.9,0,74.3
1936,11,8.5,3.1,5,76.8
1936,12,8.1,2.7,6,67.4
1937,1,7.2,2.2,8,139.3
1937,2,7.3,2.7,1,131.9
1937,3,5.5,0.2,13,84.9
1937,4,11.7,5.2,1,56.5
1937,5,16,7.8,0,77.7
1937,6,17.9,10.4,0,27.7
1937,7,19.7,12.5,0,75.3
1937,8,21.3,12.5,0,14.9
1937,9,17.5,9.5,0,50.1
1937,10,13.5,7.9,0,85.5
1937,11,8,3.2,4,59.9
1937,12,5.1,1.2,10,95.1
1938,1,8.3,3.4,0,93.9
1938,2,7.2,2.7,0,27.1
1938,3,13.8,6.1,0,7.2
1938,4,11.6,4.3,0,4.8
1938,5,14.9,6.6,0,67.1
1938,6,18.5,10.6,0,50.6
1938,7,18.7,11.3,0,96.1
1938,8,19.7,12.1,0,78.4
1938,9,17.1,10.4,0,58.7
1938,10,13.4,7.4,0,119.8
1938,11,11.7,6.4,0,101.8
1938,12,6.3,1.7,7,84.1
1939,1,6,1.9,7,148.9
1939,2,8.2,2.6,3,45
1939,3,8.3,3.1,0,55.4
1939,4,12.2,4.7,1,48.4
1939,5,15.6,7.2,0,49.2
1939,6,18.4,9.2,0,60.3
1939,7,19.1,12,0,129.3
1939,8,19.9,12.6,0,61.4
1939,9,17.2,11,0,49.3
1939,10,11,5.3,0,94.8
1939,11,10.7,5.8,0,136.6
1939,12,5.8,2.6,2,57.7
1940,1,1.8,-3.5,27,83.3
1940,2,3.5,-0.8,15,63.1
1940,3,9.5,2.6,7,53.4
1940,4,11.8,4.4,1,69.1
1940,5,17.4,7.9,0,28.8
1940,6,22.4,11.6,0,15.1
1940,7,19.5,11.4,0,69.5
1940,8,19.7,11.7,0,7.7
1940,9,16.8,9,0,34.2
1940,10,12.2,6.9,1,106.9
1940,11,9.2,4.6,1,173
1940,12,6.5,2.3,1,61.3
1941,1,1.7,-1.4,22,125.5
1941,2,5.4,0.5,13,87.7
1941,3,7.9,1.1,5,125.1
1941,4,8.9,3.2,1,46.4
1941,5,13,5.2,1,77.6
1941,6,19.8,10.3,0,6
1941,7,22.4,13.5,0,106.2
1941,8,18.6,11.3,0,69.6
1941,9,18.2,11.4,0,8.5
1941,10,13,7.9,0,108.8
1941,11,8.5,3.8,1,92.5
1941,12,8.6,4.1,3,28.2
1942,1,3.2,-0.8,18,84
1942,2,2.5,-2.4,25,31.1
1942,3,7.4,1.5,7,57.1
1942,4,13.1,4.4,0,36
1942,5,15.2,6.8,0,114.3
1942,6,19.3,10.2,0,29.4
1942,7,19.7,11.5,0,52.3
1942,8,19.9,12.9,0,84.8
1942,9,17.2,10.2,0,29.4
1942,10,13.7,7.8,0,67.6
1942,11,8.5,4.1,0,37
1942,12,8.9,4.3,4,58.1
1943,1,6.4,2.2,7,117.6
1943,2,8.9,3.4,1,41.1
1943,3,10.6,3.4,2,33.4
1943,4,14.5,6.8,0,48
1943,5,16.8,7.2,0,69.6
1943,6,18.5,10.7,0,39.3
1943,7,21,11.6,0,32.6
1943,8,19.5,12,0,61.9
1943,9,16.6,10,0,83.2
1943,10,14,7.7,0,48.3
1943,11,8.6,4.3,0,59.8
1943,12,6.5,2.3,6,26.5
1944,1,8.8,3.4,4,96.2
1944,2,5.9,1.1,8,50.6
1944,3,8.7,2.5,7,11
1944,4,13.8,6.2,1,58.5
1944,5,15.3,7,0,60
1944,6,16.8,9.4,0,56.3
1944,7,19.5,12.8,0,58.2
1944,8,20.8,12.5,0,64.1
1944,9,15.9,9.1,0,111.7
1944,10,11.7,6.8,0,77.3
1944,11,8.8,3.7,0,142.1
1944,12,6.5,1.8,6,61.9
1945,1,3.4,-1,17,75.2
1945,2,10.1,4.2,1,69.1
1945,3,12.2,5.1,0,13.7
1945,4,14.3,6,1,44.5
1945,5,16.1,8,0,78.8
1945,6,18.5,10.9,0,80.4
1945,7,20.9,13.2,0,45.3
1945,8,20.1,11.9,0,66.8
1945,9,17.5,11,0,20.9
1945,10,15.2,8.9,0,136.8
1945,11,9.3,5.7,0,9.9
1945,12,7.6,3,4,42.5
1946,1,5.7,0.6,16,108.1
1946,2,8.2,3.5,6,111.8
1946,3,8.8,2,9,32.9
1946,4,14.1,6.3,0,29.2
1946,5,13.9,6,0,60.7
1946,6,17.1,9.5,0,85.3
1946,7,20.3,12.8,0,63.9
1946,8,18.2,11.1,0,110.2
1946,9,17,10.7,0,113
1946,10,11.7,7.5,0,32
1946,11,10.2,5.8,0,158.2
1946,12,5.8,1.3,6,80.4
1947,1,3.7,0,16,85.4
1947,2,-0.6,-3.5,28,69
1947,3,5.3,0.2,14,141.4
1947,4,11.9,5,0,88.5
1947,5,18.2,8.5,0,56.8
1947,6,19.8,11.7,0,68.4
1947,7,20.6,13.6,0,32.8
1947,8,23.9,13.3,0,12.7
1947,9,18.8,11.1,0,35.5
1947,10,14.6,8.2,0,14
1947,11,9.8,4.7,5,72.6
1947,12,7.6,3.4,6,94
1948,1,7.2,2.6,1,165.3
1948,2,6.5,2.3,8,59
1948,3,12.4,4,2,26.1
1948,4,12.9,4.9,0,42.1
1948,5,15.9,6.5,0,38.4
1948,6,16.9,9.7,0,72.5
1948,7,19.7,11.7,0,24.2
1948,8,18.5,11.5,0,118.9
1948,9,16.7,10.8,0,37.4
1948,10,13.4,7.2,0,37.1
1948,11,10.6,4.9,3,28
1948,12,7.9,3,5,87.6
1949,1,7.8,3,3,34.4
1949,2,8.9,2.8,5,38.4
1949,3,7.2,1.9,8,32.5
1949,4,13.7,6,0,66.4
1949,5,15.6,6.7,0,41
1949,6,20.2,9.9,0,13.3
1949,7,21.6,12.7,0,114.8
1949,8,21.1,12.5,0,41.6
1949,9,19.9,12.3,0,28
1949,10,14.5,8.1,1,84.2
1949,11,8.9,4,1,112.9
1949,12,8,3.3,0,105.7
1950,1,6.4,2.3,9,35.7
1950,2,8,1.8,5,147.9
1950,3,11.4,4,1,25.5
1950,4,10.7,3.4,1,78
1950,5,13.9,6.8,0,38.9
1950,6,21.1,11.4,0,28.4
1950,7,19.9,12.2,0,43.1
1950,8,19.8,11.8,0,84.6
1950,9,16.1,9.6,0,87.1
1950,10,12.6,7,0,35.4
1950,11,8.1,3.3,2,119.3
1950,12,3.2,-0.3,16,50.6
1951,1,5.9,1.6,8,68.8
1951,2,5.7,1,2,92.4
1951,3,6.5,0.9,7,102.5
1951,4,10.3,3.4,0,31.8
1951,5,13,5.8,0,100.6
1951,6,17.9,9.4,0,14.7
1951,7,20.6,12.3,0,32.9
1951,8,18.4,11.2,0,133.1
1951,9,17.7,10.7,0,45.1
1951,10,13.5,6.5,0,23.7
1951,11,10.6,6,0,199.2
1951,12,8.2,2.6,4,92.9
1952,1,5,0.7,7,89.9
1952,2,6.4,0.9,11,19.7
1952,3,9,3.5,5,57
1952,4,13.7,5.4,0,40.8
1952,5,17.6,9,0,74.4
1952,6,18.4,10.3,0,37.4
1952,7,19.9,12.9,0,32.6
1952,8,19.9,12,0,37
1952,9,13.7,8.1,0,70
1952,10,11.8,6.2,0,124.6
1952,11,6.6,2.3,5,50.7
1952,12,5.9,1.5,7,60.4
1953,1,6.4,2.4,3,21.2
1953,2,7.3,2.6,6,54.8
1953,3,10.6,2,8,47.8
1953,4,11,3.4,0,59.9
1953,5,17.4,8.5,0,61.4
1953,6,17.8,10.7,0,49.5
1953,7,19.4,12,0,66.1
1953,8,20.2,12.4,0,79.6
1953,9,18,10.3,0,34.8
1953,10,13.3,6.5,0,50.3
1953,11,11.2,6.3,0,44
1953,12,8.8,5,0,28.8
1954,1,5.3,1,11,70.2
1954,2,4.3,-0.2,11,74.5
1954,3,8.6,2.4,3,61.4
1954,4,11.7,4.1,0,7.6
1954,5,14.9,7.4,0,93.8
1954,6,16.4,9.9,0,57.2
1954,7,17.4,10.9,0,49.2
1954,8,17.7,11,0,166.7
1954,9,16.4,9,0,58
1954,10,14.9,9.2,0,78.7
1954,11,9.6,4.1,0,170.7
1954,12,8.8,4.3,2,95.8
1955,1,4.8,0.5,12,60
1955,2,3.5,-0.9,17,69.2
1955,3,6.5,-0.1,17,88.1
1955,4,13.5,5.9,0,19
1955,5,12.9,5.7,0,85.5
1955,6,17.2,9.3,0,85.9
1955,7,22.9,12.8,0,30.8
1955,8,22,13.5,0,19.3
1955,9,18.4,11,0,18.4
1955,10,13.3,6.5,2,60.4
1955,11,9.7,5.2,0,67.2
1955,12,8.1,2.9,6,96.4
1956,1,6.2,1.5,7,154
1956,2,3.1,-1.8,21,30.5
1956,3,9.1,2.3,6,26.4
1956,4,10.3,2.7,1,63.5
1956,5,16.8,7.7,0,11.2
1956,6,16.5,9.4,0,82.1
1956,7,18.7,12.4,0,141.7
1956,8,16.6,10.2,0,146.1
1956,9,17.6,10.7,0,83.4
1956,10,12.9,6.9,0,33.1
1956,11,8.8,4.4,2,21.4
1956,12,7.7,3.7,6,107.9
1957,1,8.1,2.9,5,44.8
1957,2,8,2,4,78.8
1957,3,12.2,5.8,0,58.2
1957,4,12.3,4.8,0,2.2
1957,5,14.6,6.3,0,27.3
1957,6,20.5,10.1,0,31.8
1957,7,19.5,12.9,0,83.2
1957,8,18.2,12,0,117.2
1957,9,15.3,9.6,0,98.8
1957,10,14.1,7.7,0,41.6
1957,11,8.7,4.9,1,61.3
1957,12,7.2,2.2,9,88.3
1958,1,6.2,1.1,13,86.4
1958,2,7.2,1.6,10,121.7
1958,3,6.1,0.8,16,49.9
1958,4,11.4,3.8,2,19.7
1958,5,15.5,7.4,0,71.4
1958,6,17.2,9.7,0,126.6
1958,7,19.5,12.2,0,144.6
1958,8,19.6,12.2,0,65.9
1958,9,18.5,11.7,0,85.8
1958,10,13.9,7.7,0,66.8
1958,11,9.2,4.4,1,15.6
1958,12,6.8,2.7,3,110
1959,1,4.7,-0.2,18,89.7
1959,2,7.6,2.7,5,2.2
1959,3,10,4.3,0,38.4
1959,4,13.2,5.9,0,88.5
1959,5,17.5,8,0,26.7
1959,6,20,10.9,0,30.7
1959,7,22.2,13.1,0,33.5
1959,8,22.4,13.2,0,18.8
1959,9,20,10.6,0,0.6
1959,10,16.4,8.3,0,57.4
1959,11,9.3,4.5,2,106
1959,12,8,3.4,0,116.8
1960,1,6.2,1.9,6,137.7
1960,2,6.5,1.2,11,77.9
1960,3,8,3.1,1,52.1
1960,4,13.4,5.5,0,38.9
1960,5,17.6,8.8,0,46.4
1960,6,21.7,11.5,0,41.4
1960,7,19.1,11.4,0,64.8
1960,8,19.1,11.4,0,80.6
1960,9,16.8,9.9,0,108.7
1960,10,12.4,7.5,0,179
1960,11,9.6,4.7,0,116.2
1960,12,6.5,2.3,4,91.5
1961,1,5.4,1.1,6,96.1
1961,2,9.6,4.2,0,63.1
1961,3,13.1,5.4,0,14.3
1961,4,13,6,0,84.1
1961,5,14.5,6.9,0,42.9
1961,6,19.2,10.4,0,33.9
1961,7,18.8,11.3,0,55.7
1961,8,19.3,11.8,0,62.2
1961,9,19.3,11.3,0,53
1961,10,13.9,7.7,0,94.9
1961,11,8.7,4.1,1,42.3
1961,12,5,-0.2,15,75.5
1962,1,7.3,2.1,6,91.2
1962,2,7,1.9,6,57.8
1962,3,6,-0.6,17,27.8
1962,4,11.1,3.9,0,76.3
1962,5,13.6,6.2,0,78.4
1962,6,18.3,9.3,0,13.5
1962,7,17.8,10.8,0,39.7
1962,8,17.8,10.8,0,94.9
1962,9,16,9.3,0,84.4
1962,10,13.9,7.4,1,32
1962,11,7.8,2.9,6,38.5
1962,12,5.3,-0.6,15,54.1
1963,1,1.3,-2.9,28,46.8
1963,2,1.4,-3.5,28,28.3
1963,3,8.9,1.6,6,72
1963,4,11.7,4.4,0,60.3
1963,5,14.6,6.4,0,31.5
1963,6,19.3,10.3,0,99.1
1963,7,19.7,11,0,68.6
1963,8,17.6,10.6,0,60.1
1963,9,16.9,9.2,0,79.5
1963,10,13.6,7.4,0,39.4
1963,11,9.7,5.4,1,132.5
1963,12,5.2,1,11,18.7
1964,1,5.8,1,8,23.1
1964,2,6.6,1.7,11,28.7
1964,3,5.5,1.2,8,122.4
1964,4,12.7,5.4,0,46.1
1964,5,18.2,8.7,0,55.5
1964,6,17,10.1,0,70.2
1964,7,19.8,11.9,0,50.8
1964,8,19.5,11.5,0,49.4
1964,9,18.7,9.3,0,20.8
1964,10,12.5,5.7,0,41.8
1964,11,9.8,4.7,2,40.8
1964,12,6.3,0.4,16,93.7
1965,1,5.7,1.4,12,90.1
1965,2,5.5,1.5,8,22.4
1965,3,8.8,1,10,74
1965,4,12,4.3,0,50
1965,5,15.5,7.6,0,68.2
1965,6,19,10.4,0,91.8
1965,7,17,10.5,0,58.9
1965,8,19,11.1,0,49.2
1965,9,15.6,9.3,0,167.4
1965,10,14.2,7.6,0,27.5
1965,11,6.5,1.9,8,147.5
1965,12,7,2,5,191.5
1966,1,4.3,0.6,14,41.5
1966,2,7.2,2.5,11,154.2
1966,3,9.6,3.5,4,46.9
1966,4,8.7,3.5,6,140.6
1966,5,15.7,7.2,0,58.8
1966,6,19.4,11.4,0,61.3
1966,7,18.4,11.5,0,44.5
1966,8,18.8,10.8,0,92.9
1966,9,17.6,10.2,0,55.7
1966,10,12.8,6.7,0,101.4
1966,11,7.8,3.5,0,93.9
1966,12,7.5,2.7,3,77.3
1967,1,6.3,1.8,11,49.7
1967,2,7.7,3.1,3,70.9
1967,3,10.2,4.2,1,57.8
1967,4,11.2,4.5,1,32.7
1967,5,13.9,6.4,1,172.6
1967,6,19.5,10.2,0,13.7
1967,7,21.5,12.8,0,40.9
1967,8,20,12,0,70.3
1967,9,17,9.5,0,62.5
1967,10,13.9,7.7,0,115.5
1967,11,8.1,2.3,6,71.4
1967,12,6.7,2,11,44.7
1968,1,6.7,1.9,11,67.4
1968,2,4.4,-0.4,17,42.8
1968,3,9.7,3.2,5,61.3
1968,4,12.9,3.9,9,54.2
1968,5,13.7,5.9,0,82.8
1968,6,19.5,10.3,0,54.9
1968,7,18.2,11.5,0,112.5
1968,8,19.4,11.8,0,41.8
1968,9,17.2,10.6,0,155.2
1968,10,15,9.8,0,63.5
1968,11,8,4.2,1,87.3
1968,12,5,1.2,9,52.9
1969,1,7.8,3,7,85
1969,2,2.5,-1.5,20,101
1969,3,4.7,0,19,119.9
1969,4,11.2,3.4,1,76.1
1969,5,14.6,7.4,0,99.1
1969,6,18.8,9.3,0,62.5
1969,7,21.5,12.9,0,52.6
1969,8,19.9,12.6,0,48.5
1969,9,17.3,10.5,0,38.9
1969,10,15.9,9.6,0,24.7
1969,11,7.5,2.2,5,163.7
1969,12,5.8,1.6,13,72.7
1970,1,5.7,1.5,8,94.7
1970,2,5.5,0.1,11,104
1970,3,6.6,0.8,13,55.4
1970,4,10.4,3.4,4,106.6
1970,5,17.4,8.5,0,16.9
1970,6,21.8,11.2,0,24.2
1970,7,19,11.9,0,39.2
1970,8,20.4,12.2,0,72.9
1970,9,18.3,11.2,0,42.8
1970,10,14.1,7.5,0,47.9
1970,11,9.6,5.1,1,141.4
1970,12,6.2,2.6,6,40.6
1971,1,6.6,2.3,8,69.3
1971,2,7.6,2.6,3,26.7
1971,3,8.1,2.8,5,47.2
1971,4,11.1,4.3,0,84.1
1971,5,16.4,7,0,63.5
1971,6,15.6,8.8,0,69.4
1971,7,22.1,12.8,0,86.3
1971,8,19.4,11.8,0,102.2
1971,9,18.8,10.1,0,31.2
1971,10,15.3,8.1,0,92.8
1971,11,9.1,3.7,4,62.6
1971,12,8.8,4.8,0,35.1
1972,1,5.7,1.6,8,92.7
1972,2,5.8,1.8,5,65.9
1972,3,9.9,2.5,4,106.2
1972,4,11.5,5.3,0,56.9
1972,5,14.4,6.8,0,56.6
1972,6,15.8,8.7,0,83.1
1972,7,19.5,11.6,0,55.7
1972,8,19.3,11.5,0,61.2
1972,9,15.1,8.5,0,50.6
1972,10,13.5,7,0,14.5
1972,11,9.2,4.5,1,84.9
1972,12,7.6,2.9,0,80.3
1973,1,6.7,2.8,5,39.8
1973,2,7.4,2.1,9,65
1973,3,10.6,3.6,0,15.1
1973,4,10.6,3.5,2,77.5
1973,5,15.5,7.4,0,59.5
1973,6,20,10.8,0,44
1973,7,19.7,12.1,0,200.6
1973,8,20.7,12.1,0,58
1973,9,18,10.5,0,58.1
1973,10,12.2,6,1,63.3
1973,11,8.6,3.6,7,28.8
1973,12,7.3,2.4,7,51.6
1974,1,8.1,2.9,3,79.3
1974,2,8,3.1,0,67.3
1974,3,8.5,2.2,1,39.8
1974,4,11.6,3.6,0,12.3
1974,5,15.7,6.9,0,39.5
1974,6,17.7,9.8,0,48.5
1974,7,18.7,11.7,0,67.6
1974,8,19.5,11.5,0,81
1974,9,15.7,8.8,0,90.8
1974,10,10,5.3,0,55.9
1974,11,8.7,3.7,1,121.1
1974,12,9.9,5.1,2,71.1
1975,1,8.9,3.8,1,73.2
1975,2,6.5,1.6,8,15.8
1975,3,7,1.7,7,58.8
1975,4,12.2,5.1,4,46.9
1975,5,13.8,5.6,0,86.2
1975,6,20.1,9.7,0,11.9
1975,7,21.7,13.2,0,81.9
1975,8,24.6,14.1,0,51.2
1975,9,17.3,9.5,0,34.6
1975,10,13.4,6.5,0,27.2
1975,11,8.8,3.3,3,28.6
1975,12,8.2,3.4,4,43
1976,1,7.6,3.2,8,93.8
1976,2,6.7,2.1,8,33.7
1976,3,7.8,1.4,8,29.5
1976,4,11.7,4.4,2,16.2
1976,5,15.8,7.9,0,79.9
1976,6,22.3,12,0,16.6
1976,7,24,13.2,0,16.9
1976,8,23,11.9,0,17.3
1976,9,16.4,9.6,0,134.9
1976,10,13,7.5,0,127.7
1976,11,8.6,3.2,1,32.4
1976,12,3.7,0.3,10,75.3
1977,1,4.6,0.4,12,113.8
1977,2,6.3,1.5,6,201.4
1977,3,9.5,3.4,3,59.7
1977,4,10.6,3.6,2,45
1977,5,14.6,6.1,0,43.5
1977,6,16.4,8.3,0,66.4
1977,7,19.6,11.9,0,9.5
1977,8,19.4,11.7,0,69.2
1977,9,16.6,9.7,0,35.2
1977,10,14,8.4,0,45.4
1977,11,8.4,3.4,5,112
1977,12,7.5,3.6,1,82.5
1978,1,5.3,0.7,9,99.4
1978,2,4.4,-0.5,14,55.4
1978,3,10.1,3.3,1,73.2
1978,4,9.4,3,6,47.3
1978,5,16.1,7.1,0,34.7
1978,6,17.4,10,0,90
1978,7,18.3,10.9,0,58.8
1978,8,18.6,11.7,0,48.5
1978,9,17.2,11,0,48.8
1978,10,15.3,9.2,0,9.9
1978,11,11.3,6,4,50
1978,12,5,0.8,14,207.9
1979,1,2.5,-2.4,24,82.3
1979,2,2.6,-1.2,22,78.6
1979,3,6.9,1.7,6,148
1979,4,11,4.4,1,83.1
1979,5,14.4,6,1,115.5
1979,6,19.1,10.4,0,34.9
1979,7,20.4,12.2,0,13
1979,8,19.1,11.4,0,79
1979,9,17.6,9.6,0,25
1979,10,14.2,7.8,0,66.4
1979,11,9.6,3.9,2,96.9
1979,12,7.4,3.6,4,137.7
1980,1,4.4,0.4,13,70.9
1980,2,7.8,2.9,2,117.1
1980,3,7.4,1.9,6,100.1
1980,4,13.4,5.1,1,10.6
1980,5,16,6.1,0,20.5
1980,6,17.9,10.3,0,132.8
1980,7,18.5,11,0,66.9
1980,8,19.8,12,0,79
1980,9,18.6,11.4,0,33.2
1980,10,11.9,5.6,0,113.2
1980,11,8.7,4.4,5,81.8
1980,12,8.4,3.2,4,51.7
1981,1,7.5,2.1,7,56.4
1981,2,5.3,0.5,12,89.4
1981,3,10.1,4.8,0,149.9
1981,4,10.6,4.2,1,110.5
1981,5,15.6,7.6,0,65.3
1981,6,17.3,9.9,0,33.4
1981,7,19.6,12.2,0,18.8
1981,8,20.5,12.4,0,57.2
1981,9,19.2,10.7,0,107.8
1981,10,11.4,5.2,0,87.9
1981,11,10.4,4.9,0,70.4
1981,12,2.6,-2.3,21,93.6
1982,1,5.9,-0.3,14,39.9
1982,2,7.4,2.1,7,20.4
1982,3,9.7,2.8,1,100.1
1982,4,13.5,4.8,2,17.3
1982,5,17.1,6.7,0,23.6
1982,6,18.9,11.2,0,225
1982,7,20.9,12.5,0,14.7
1982,8,19.6,12,0,83.5
1982,9,18.7,10.5,0,56.4
1982,10,13.1,7.2,0,54.7
1982,11,10,5.4,1,117.5
1982,12,6.9,1.8,9,78.7
1983,1,9,4,3,98.7
1983,2,3.5,-0.8,17,39.9
1983,3,9.3,4,0,65.7
1983,4,10.1,3.2,1,121.2
1983,5,13.6,6.4,0,127
1983,6,18,9.9,0,7.6
1983,7,24.5,14.3,0,44.4
1983,8,22.1,12.6,0,31.3
1983,9,16.8,10.2,0,120.1
1983,10,13.6,7.3,2,66.9
1983,11,9.9,5.5,5,41.2
1983,12,8.2,3.4,4,142.2
1984,1,5.6,0.8,10,160.2
1984,2,5.8,0.6,12,79.7
1984,3,7.3,2.2,3,52.3
1984,4,13.3,3.5,5,10
1984,5,14.9,5.9,1,55.4
1984,6,19.1,10.5,0,40.9
1984,7,22.4,12,0,13.3
1984,8,22.5,12.6,0,81.9
1984,9,16.7,10.4,0,117.6
1984,10,14.3,7.7,0,82.7
1984,11,9.8,5.7,0,124.9
1984,12,7.3,2.4,8,47.6
1985,1,3.7,-0.8,19,73
1985,2,5.7,-0.3,14,4.6
1985,3,8.2,1.7,8,48.8
1985,4,11.6,4.8,2,69.5
1985,5,14.4,6.8,0,63.4
1985,6,16.8,8.6,0,76.5
1985,7,20.4,12.7,0,46.4
1985,8,18.4,11.3,0,87.9
1985,9,18.8,11,0,14.2
1985,10,14.4,8.7,0,33.6
1985,11,6.6,1.4,10,78.2
1985,12,8.2,4,6,78
1986,1,5.4,0.6,12,174.1
1986,2,1,-3,25,37.2
1986,3,8.2,1.8,5,67.4
1986,4,9,2.3,3,111
1986,5,16,7.5,0,94.7
1986,6,19.3,9.8,0,48
1986,7,20,11.9,0,25.3
1986,8,17.1,9.7,0,109.9
1986,9,16.1,7.6,0,9.5
1986,10,14.3,7.3,0,85.7
1986,11,10.6,4.7,0,93
1986,12,8.5,3.2,1,142.3
1987,1,3.4,-1.1,18,52.9
1987,2,6.7,1,11,35.1
1987,3,7.3,1.2,14,89.2
1987,4,14.6,6.1,0,64.6
1987,5,14.6,5.9,0,32.6
1987,6,16.5,9,0,140
1987,7,19.8,12.2,0,51.4
1987,8,19.7,12.2,0,45.1
1987,9,17.4,9.3,0,67.2
1987,10,12.5,6,0,119.5
1987,11,8.5,4.1,3,53.5
1987,12,7.9,3.8,5,38.2
1988,1,7.2,2.5,3,173.9
1988,2,7.3,2.2,4,81
1988,3,9.3,2.8,6,97.3
1988,4,11.6,5,1,44.1
1988,5,16.2,7.1,0,50.4
1988,6,18.9,10.8,0,55.9
1988,7,18.6,11.6,0,106.7
1988,8,19.5,11.7,0,78.6
1988,9,16.5,9.7,0,51.7
1988,10,13,7.1,2,88.9
1988,11,9,2.6,8,50.5
1988,12,9.8,5.4,0,36
1989,1,9,3.9,2,20.6
1989,2,9.1,2.9,3,75.3
1989,3,11,3.9,2,77.7
1989,4,9.6,2.7,3,115.5
1989,5,18.4,8.2,0,26
1989,6,20.2,10,0,54.1
1989,7,22.9,13.1,0,41.4
1989,8,21.1,12,0,36.2
1989,9,18.5,10.6,0,23.3
1989,10,14.9,8.5,0,65.3
1989,11,9,4,3,42.6
1989,12,6.7,2.8,4,159.1
1990,1,8.9,3.9,0,128.7
1990,2,9.7,4.4,1,115.2
1990,3,12.4,5.3,3,21.6
1990,4,13.1,3.9,3,25.9
1990,5,18.1,7.7,0,18.9
1990,6,17.6,10.4,0,46.4
1990,7,22.1,11.9,0,21.5
1990,8,23.1,13.8,0,40.8
1990,9,16.7,9.6,0,30.4
1990,10,14.4,8.6,0,129.7
1990,11,8.8,4.9,0,47.9
1990,12,6.7,2.6,5,136
1991,1,5.5,0.1,14,86.8
1991,2,4.8,-0.3,16,68.5
1991,3,10.7,5.2,1,58.7
1991,4,11.4,4.5,2,67.2
1991,5,14.6,7.7,0,14.4
1991,6,15.8,8.5,0,68.6
1991,7,22.2,13.2,0,51.2
1991,8,21.9,12.8,0,8.5
1991,9,19.4,9.8,0,37
1991,10,12.9,7.7,0,54.3
1991,11,9.2,3.8,2,73.1
1991,12,7.9,2.6,7,78.4
1992,1,6.5,1,13,43.6
1992,2,8.9,2.9,5,25.9
1992,3,10.3,4,0,73.6
1992,4,12.3,5.3,0,41.8
1992,5,18.7,8.6,0,57.6
1992,6,20.5,11.7,0,52.2
1992,7,19.8,12.5,0,77.7
1992,8,19.2,11.3,0,117.7
1992,9,16.3,9.7,0,71.9
1992,10,10.2,4.8,1,66
1992,11,10.2,3.8,3,129.1
1992,12,6.3,1.2,11,67.4
1993,1,8.4,2.3,5,88.1
1993,2,7.5,3,2,10.7
1993,3,10.3,2.3,8,16.7
1993,4,13,5.7,0,91.8
1993,5,15.5,7.1,0,70.7
1993,6,19.4,10.2,0,108.3
1993,7,19,11.5,0,85.3
1993,8,18.4,10.3,0,29.7
1993,9,15.2,9,0,121.4
1993,10,10.7,5.4,5,62.8
1993,11,6.3,2.2,10,56.9
1993,12,7.1,2.2,5,171.4
1994,1,7.2,1.5,8,124.4
1994,2,4.9,-0.6,17,75.7
1994,3,10.6,4.2,0,78.1
1994,4,12,4.9,1,55.3
1994,5,13.9,6.5,0,65.6
1994,6,19.2,10.6,0,14.6
1994,7,23.3,12.9,0,33.1
1994,8,19.7,11.8,0,45
1994,9,15.4,9.1,0,148.2
1994,10,12.7,6.2,0,57.9
1994,11,11.7,7,0,103.3
1994,12,9,3.6,6,103.9
1995,1,6.4,1.5,10,157.7
1995,2,9,3.4,0,99.2
1995,3,8.9,2,7,63.9
1995,4,13.2,5.1,1,24.6
1995,5,16.7,7.4,0,48.1
1995,6,18.4,9.6,0,11.3
1995,7,23.8,14.1,0,22.5
1995,8,24.4,13.2,0,12.1
1995,9,17.1,10.3,0,75.6
1995,10,16.1,9.3,0,21.9
1995,11,9.9,5.2,3,60.5
1995,12,3.8,0.1,15,70.4
1996,1,5,2.1,9,57
1996,2,5,0,16,75.1
1996,3,5.9,1.7,5,52.9
1996,4,12.8,4.7,4,37.7
1996,5,13,5.3,0,39.1
1996,6,19.3,9.6,0,29.8
1996,7,21.5,11.9,0,24.5
1996,8,21.5,12.3,0,101.1
1996,9,16.8,9.9,0,27.1
1996,10,14.4,7.9,0,70.6
1996,11,8.2,3.2,8,134.3
1996,12,5,0.6,11,98.2
1997,1,5.2,0.2,15,8.5
1997,2,9.5,3.9,1,106.5
1997,3,12.1,5,1,22
1997,4,13.2,5.1,0,28.2
1997,5,16.3,6.7,0,77.5
1997,6,17.6,10.2,0,130.9
1997,7,21.7,12.7,0,56.7
1997,8,23.3,14.1,0,108.6
1997,9,17.3,10.2,0,17.5
1997,10,13,6.4,3,55.8
1997,11,10.4,6.1,0,93.1
1997,12,8.2,3.9,3,79.4
1998,1,7.1,2.5,5,88.5
1998,2,11.2,5.1,4,9.3
1998,3,11.2,4.8,2,93.5
1998,4,10.9,4.4,2,117.9
1998,5,17,8.5,0,26.6
1998,6,17.5,10.5,0,152.4
1998,7,19.2,12.1,0,36.5
1998,8,20.1,11.9,0,46.2
1998,9,17.7,11.1,0,49.2
1998,10,13,7.2,1,197.9
1998,11,8.4,3.6,2,49.5
1998,12,8.3,2.4,6,57.9
1999,1,8.1,2.7,5,90.8
1999,2,8,2.4,7,44.7
1999,3,10.7,4.2,1,82.8
1999,4,13.4,5.8,3,91.6
1999,5,17.5,9,0,51
1999,6,18.3,10.2,0,61
1999,7,22.5,13.4,0,30.1
1999,8,19.9,12.1,0,75.4
1999,9,20.2,11.5,0,113.7
1999,10,13.8,7.8,0,55.3
1999,11,10.1,5.2,1,48.2
1999,12,7.1,1.9,8,135.6
2000,1,7.8,2.7,2,49.8
2000,2,8.9,3.3,4,72
2000,3,10.9,4.2,3,43.3
2000,4,11.7,4.2,1,153.3
2000,5,16.4,7.6,0,63.9
2000,6,19,11.2,0,46.6
2000,7,18.8,11.4,0,68.5
2000,8,21.2,12.4,0,46.3
2000,9,18.1,10.8,0,117.8
2000,10,13.1,7.1,0,139.5
2000,11,9.1,4,2,167.9
2000,12,7,3.3,9,118
2001,1,5.3,0.3,15,42.1
2001,2,7.7,0.8,11,79.4
2001,3,8,1.6,8,56.2
2001,4,11.3,4,0,80.1
2001,5,17.8,7.7,0,58
2001,6,18.4,10.1,0,43.9
2001,7,21.4,13.2,0,57.5
2001,8,20.9,12.8,0,111.9
2001,9,15.8,10.1,0,67.3
2001,10,15.9,10.2,0,113
2001,11,10.5,4.7,2,27
2001,12,6.3,0.9,14,28
2002,1,8.2,2.5,8,55.9
2002,2,9.8,3.8,1,173.9
2002,3,11.1,4.1,1,34.7
2002,4,13.9,5,1,40.7
2002,5,16.3,8.4,0,60.9
2002,6,19.1,10.9,0,30.9
2002,7,20.1,12,0,133.8
2002,8,21.2,13.4,0,83.4
2002,9,17.8,10.6,0,49.7
2002,10,12.6,6.8,0,145.3
2002,11,10,5.5,0,111.1
2002,12,6.4,3.2,5,129.8
2003,1,6.9,2.5,8,60.7
2003,2,6.6,0,15,30.8
2003,3,12,3.1,3,38.4
2003,4,14.7,5.1,3,44.6
2003,5,16.8,8.5,0,42.6
2003,6,21,12.1,0,111.1
2003,7,21.9,13.5,0,44.9
2003,8,22.4,13.4,0,14
2003,9,19.2,9.6,0,22.7
2003,10,12.6,6,0,48.2
2003,11,10.7,5.1,3,55.4
2003,12,7.5,1.9,9,81.8
2004,1,7.4,3,4,106.5
2004,2,8.1,3,9,50.8
2004,3,9.9,3.6,2,41.3
2004,4,13.5,6.4,0,107
2004,5,16.9,8.3,0,49
2004,6,20,11.8,0,68.5
2004,7,19.9,12.4,0,45.8
2004,8,21.3,13.6,0,181
2004,9,18.1,11.3,0,34.6
2004,10,13.1,7.4,0,88.2
2004,11,10.2,5.5,3,36.2
2004,12,8.3,3.2,6,46.3
2005,1,8.5,3.4,2,48
2005,2,6.7,2.1,5,64.6
2005,3,9.7,4.6,3,31.7
2005,4,12.9,4.8,1,82.6
2005,5,15.8,7.3,0,17.5
2005,6,20.3,11.4,0,42.2
2005,7,20.6,13.1,0,84
2005,8,20.7,12.2,0,39.9
2005,9,18.9,11.3,0,89.2
2005,10,15.3,10.4,0,113.1
2005,11,9.5,3.4,9,57.4
2005,12,7.3,2.2,9,56.7
2006,1,6.4,2.4,1,18.6
2006,2,6.3,1.4,9,48.5
2006,3,7.7,1.5,13,100.2
2006,4,11.8,4.8,1,49.4
2006,5,15.8,7.4,0,85
2006,6,21.6,11.8,0,9.8
2006,7,25.6,14.5,0,40.9
2006,8,19.6,12.8,0,90.5
2006,9,20.5,12.6,0,62.4
2006,10,15.5,9.7,0,99.1
2006,11,11.2,5.3,1,66.8
2006,12,8.8,4.2,2,114
2007,1,9.6,4.3,4,146.9
2007,2,8.6,3.6,6,57.5
2007,3,10.2,4.1,1,44.5
2007,4,15.8,7.4,0,5.8
2007,5,15.6,8.2,0,83.8
2007,6,18.6,11.2,0,285.6
2007,7,18.8,12.2,0,113
2007,8,19.7,12.2,0,27.1
2007,9,17.6,10.5,0,28.1
2007,10,14,8.1,0,23.3
2007,11,10.3,5,2,58.3
2007,12,7.2,2.4,8,74.9
2008,1,9,3.9,2,154
2008,2,9.1,1.4,9,48.7
2008,3,9.1,2.7,3,98.8
2008,4,11.4,4.4,2,79.2
2008,5,17.5,8.6,0,43.5
2008,6,18.7,10.7,0,56.7
2008,7,20.8,13,0,108.7
2008,8,20.1,13.4,0,82.6
2008,9,17,10.8,0,92.4
2008,10,12.8,7.2,0,93.2
2008,11,9,4.9,3,60
2008,12,6.1,2.2,4,52.8
2009,1,5.7,1.3,8,47
2009,2,6.7,2.3,11,39.6
2009,3,10.9,4,2,44.2
2009,4,14.6,6,0,51
2009,5,16.4,8,0,81.7
2009,6,19.2,10.9,0,168.2
2009,7,20.4,12.6,0,113.4
2009,8,21,13.3,0,46.4
2009,9,18,10.9,0,26.8
2009,10,14.4,8.5,0,50
2009,11,10.4,5.8,0,161.6
2009,12,5.2,1.3,13,66.1
2010,1,3.4,0.1,14,48.6
2010,2,4.4,0.2,11,53.6
2010,3,9.9,3,8,56.4
2010,4,13.8,5.1,0,24.8
2010,5,15.2,7.1,0,21.2
2010,6,20.4,11,0,41.2
2010,7,21,13.5,0,68.3
2010,8,19.5,11.7,0,39.6
2010,9,17.8,10.8,0,67.8
2010,10,13.3,7.3,0,65.4
2010,11,7.4,3,6,112.7
2010,12,2.7,-1.9,20,18.8
2011,1,6.4,1.9,11,49.6
2011,2,8.8,4.2,1,104.2
2011,3,10.9,3.4,2,12.4
2011,4,17.1,7.5,0,11.2
2011,5,16.7,8.4,0,40.2
2011,6,19.4,10,0,47.8
2011,7,20.3,11.5,0,18
2011,8,20.1,12.2,0,42
2011,9,19.5,11.6,0,27.8
2011,10,15.9,9.2,0,57.2
2011,11,11.7,7.1,0,37.4
2011,12,8.1,3.6,0,124.6
2012,1,7.9,2.9,6,87.6
2012,2,7.6,2.3,11,26.2
2012,3,13.6,4.7,0,32.6
2012,4,10.7,3.9,1,180.6
2012,5,16.4,7.6,1,48
2012,6,17.3,10.3,0,166.6
2012,7,19.5,12.3,0,107.2
2012,8,20.9,12.5,0,99.2
2012,9,17.1,9.7,0,90.6
2012,10,12.2,6.1,0,61.2
2012,11,9.2,3.8,1,110.6
2012,12,7,2.3,5,136
2013,1,5.7,1.7,14,70.4
2013,2,5.2,0.6,10,63.4
2013,3,4.5,-0.2,18,63.4
2013,4,11.9,4,4,9.2
2013,5,15.5,6.9,0,84.2
2013,6,18.8,10.1,0,37.8
2013,7,24,13.7,0,56.6
2013,8,21.6,13.1,0,33.4
2013,9,17.5,10.2,0,47.2
2013,10,14.9,9.6,0,136.2
2013,11,9.1,3.9,1,56.6
2013,12,9.1,3.9,0,69.8
2014,1,7.8,3,4,124.2
2014,2,8.5,3.5,1,106.2
2014,3,11.6,4.2,2,48.6
2014,4,14.2,6.7,0,60.4
2014,5,16.6,8.5,0,123.8
2014,6,19.4,11.4,0,45.4
2014,7,23.2,13.3,0,20
2014,8,19.3,11.5,0,67.4
2014,9,18.4,10.9,0,9.6
2014,10,14.9,9,0,60.8
2014,11,10.5,6,0,95.8
2014,12,7.7,3.3,3,102
2015,1,6.9,2.2,8,84.2
2015,2,6.9,2,5,35.4
2015,3,9.8,3.2,1,71.4
2015,4,14.3,5,0,21.4
2015,5,14.8,7.7,0,83.6
2015,6,19.1,10,0,43.2
2015,7,20.8,12,0,30
2015,8,20.6,12.5,0,66.2
2015,9,16.9,8.7,0,29.2
2015,10,13.9,7.7,0,80.4
2015,11,12.2,6.5,1,126.8
2015,12,12,6.2,0,121.2
2016,1,7.7,3,3,111.5
2016,2,7.8,2,5,68.6
2016,3,9.1,2.9,2,87.2
2016,4,11.6,3.8,1,65.8
2016,5,16.9,7.9,0,58.2
2016,6,18.8,11.1,0,130.4
